{
  "project_info": {
    "project_number": "747468901267",
    "project_id": "logitech-d299b",
    "storage_bucket": "logitech-d299b.appspot.com"
  },
  "client": [
    {
      "client_info": {
        "mobilesdk_app_id": "1:747468901267:android:3d5c4dc4e359c151f63666",
        "android_client_info": {
          "package_name": "com.arsi.logisticsmgmt"
        }
      },
      "oauth_client": [
        {
          "client_id": "747468901267-nklranh8sb3g6d6pptosnafij4kerrkh.apps.googleusercontent.com",
          "client_type": 3
        }
      ],
      "api_key": [
        {
          "current_key": "AIzaSyCi8Mzu8h0aTBBjEt5AWvsjYMLbe2q3GHc"
        }
      ],
      "services": {
        "appinvite_service": {
          "other_platform_oauth_client": [
            {
              "client_id": "747468901267-nklranh8sb3g6d6pptosnafij4kerrkh.apps.googleusercontent.com",
              "client_type": 3
            }
          ]
        }
      }
    }
  ],
  "configuration_version": "1"
}